word_id,written_form,language,n_senses
word-akademie,Akademie,de,2
word-alternativlos,alternativlos,de,2
word-ampere,ampere,en,2
word-angora,angora,en,2
word-arbeit,Arbeit,de,2
word-aspirin,aspirin,en,2
word-assassin,assassin,en,2
word-atlas,atlas,en,2
word-attack,attack,en,2
word-awful,awful,en,2
word-backfisch,Backfisch,de,2
word-bakelite,bakelite,en,2
word-ball,ball,en,2
word-banause,Banause,de,2
word-based,based,en,2
word-becquerel,becquerel,en,2
word-bikini,bikini,en,2
word-billig,billig,de,2
word-biro,biro,en,2
word-bit,bit,en,2
word-blase,Blase,de,2
word-blitz,blitz,en,2
word-bloed,bloed,de,2
word-bourbon,bourbon,en,2
word-bowdlerize,bowdlerize,en,2
word-boykott,Boykott,de,2
word-braille,braille,en,2
word-brutal,brutal,en,2
word-bubble,bubble,en,2
word-calico,calico,en,2
word-canary,canary,en,2
word-cancel,cancel,en,2
word-cardigan,cardigan,en,2
word-cassandra,Cassandra,en,2
word-cellophane,cellophane,en,2
word-celsius,celsius,en,2
word-champagne,champagne,en,2
word-chauvinismus,Chauvinismus,de,2
word-circle,circle,en,2
word-cloud,cloud,en,2
word-cologne,cologne,en,2
word-cravat,cravat,en,2
word-cringe,cringe,en,2
word-curie,curie,en,2
word-currant,currant,en,2
word-dahlia,dahlia,en,2
word-dalmatian,dalmatian,en,2
word-damast,Damast,de,2
word-deer,deer,en,2
word-denim,denim,en,2
word-diesel,Diesel,de,2
word-dirne,Dirne,de,3
word-doomscrolling,doomscrolling,en,2
word-draconian,draconian,en,2
word-durel-abend,Abend,de,2
word-durel-anstalt,Anstalt,de,2
word-durel-anstellung,Anstellung,de,2
word-durel-bilanz,Bilanz,de,2
word-durel-donnerwetter,Donnerwetter,de,2
word-durel-englisch,englisch,de,2
word-durel-feder,Feder,de,2
word-durel-feine,Feine,de,2
word-durel-flott,flott,de,2
word-durel-geharnischt,geharnischt,de,2
word-durel-kinderstube,Kinderstube,de,2
word-durel-locker,locker,de,2
word-durel-motiv,Motiv,de,2
word-durel-museum,Museum,de,2
word-durel-presse,Presse,de,2
word-durel-reichstag,Reichstag,de,2
word-durel-steckenpferd,Steckenpferd,de,2
word-durel-technisch,technisch,de,2
word-durel-vorwort,Vorwort,de,2
word-durel-zufall,Zufall,de,2
word-dwds-geil,geil,de,1
word-dwds-querdenker,Querdenker,de,1
word-dwds-wende,Wende,de,1
word-dwug-abgesang,Abgesang,de,4
word-dwug-ackergerat,Ackergerät,de,1
word-dwug-armenhaus,Armenhaus,de,2
word-dwug-ausnahmegesetz,Ausnahmegesetz,de,2
word-dwug-behandlung,Behandlung,de,18
word-dwug-dynamik,Dynamik,de,8
word-dwug-einreichung,Einreichung,de,2
word-dwug-eintagsfliege,Eintagsfliege,de,4
word-dwug-engpa,Engpaß,de,5
word-dwug-entscheidung,Entscheidung,de,18
word-dwug-festspiel,Festspiel,de,8
word-dwug-frechheit,Frechheit,de,3
word-dwug-fu,Fuß,de,14
word-dwug-geil,geil,de,2
word-dwug-gesichtsausdruck,Gesichtsausdruck,de,5
word-dwug-knotenpunkt,Knotenpunkt,de,5
word-dwug-kubikmeter,Kubikmeter,de,1
word-dwug-lyzeum,Lyzeum,de,5
word-dwug-manschette,Manschette,de,13
word-dwug-mi-klang,Mißklang,de,6
word-dwug-mulatte,Mulatte,de,5
word-dwug-mut,Mut,de,8
word-dwug-naturschonheit,Naturschönheit,de,6
word-dwug-ohrwurm,Ohrwurm,de,2
word-dwug-pachtzins,Pachtzins,de,1
word-dwug-rezeption,Rezeption,de,9
word-dwug-schmiere,Schmiere,de,8
word-dwug-seminar,Seminar,de,16
word-dwug-sensation,Sensation,de,11
word-dwug-spielball,Spielball,de,9
word-dwug-tier,Tier,de,5
word-dwug-wende,Wende,de,2
word-dwugde-abbauen,abbauen,de,2
word-dwugde-abdecken,abdecken,de,2
word-dwugde-abgebruht,abgebrüht,de,2
word-dwugde-abgesang,Abgesang,de,2
word-dwugde-ackergerat,Ackergerät,de,2
word-dwugde-armenhaus,Armenhaus,de,2
word-dwugde-artikulieren,artikulieren,de,2
word-dwugde-aufrechterhalten,aufrechterhalten,de,2
word-dwugde-ausnahmegesetz,Ausnahmegesetz,de,2
word-dwugde-ausspannen,ausspannen,de,2
word-dwugde-behandlung,Behandlung,de,2
word-dwugde-beimischen,beimischen,de,2
word-dwugde-dynamik,Dynamik,de,2
word-dwugde-einreichung,Einreichung,de,2
word-dwugde-eintagsfliege,Eintagsfliege,de,2
word-dwugde-engpa,Engpaß,de,2
word-dwugde-entscheidung,Entscheidung,de,2
word-dwugde-festspiel,Festspiel,de,2
word-dwugde-frechheit,Frechheit,de,2
word-dwugde-fu,Fuß,de,2
word-dwugde-gesichtsausdruck,Gesichtsausdruck,de,2
word-dwugde-knotenpunkt,Knotenpunkt,de,2
word-dwugde-kubikmeter,Kubikmeter,de,2
word-dwugde-lyzeum,Lyzeum,de,2
word-dwugde-manschette,Manschette,de,2
word-dwugde-mi-klang,Mißklang,de,2
word-dwugde-mulatte,Mulatte,de,2
word-dwugde-mut,Mut,de,2
word-dwugde-naturschonheit,Naturschönheit,de,2
word-dwugde-ohrwurm,Ohrwurm,de,2
word-dwugde-pachtzins,Pachtzins,de,2
word-dwugde-packen,packen,de,2
word-dwugde-rezeption,Rezeption,de,2
word-dwugde-schmiere,Schmiere,de,2
word-dwugde-seminar,Seminar,de,2
word-dwugde-sensation,Sensation,de,2
word-dwugde-spielball,Spielball,de,2
word-dwugde-tier,Tier,de,2
word-dwugde-titel,Titel,de,2
word-dwugde-tragfahigkeit,Tragfähigkeit,de,2
word-dwugde-truppenteil,Truppenteil,de,2
word-dwugde-uberspannen,überspannen,de,2
word-dwugde-unentschlossenheit,Unentschlossenheit,de,2
word-dwugde-verbauen,verbauen,de,2
word-dwugde-vergonnen,vergönnen,de,2
word-dwugde-voranstellen,voranstellen,de,2
word-dwugde-vorliegen,vorliegen,de,2
word-dwugde-vorweisen,vorweisen,de,2
word-dwugde-weitgreifend,weitgreifend,de,2
word-dwugde-zersetzen,zersetzen,de,2
word-dwugen-afternoon-nn,afternoon,en,2
word-dwugen-bar-nn,bar,en,2
word-dwugen-chef-nn,chef,en,2
word-dwugen-fiction-nn,fiction,en,2
word-dwugen-gas-nn,gas,en,2
word-dwugen-graft-nn,graft,en,2
word-dwugen-grain-nn,grain,en,2
word-dwugen-head-nn,head,en,2
word-dwugen-heel-nn,heel,en,2
word-dwugen-include-vb,include,en,2
word-dwugen-land-nn,land,en,2
word-dwugen-lane-nn,lane,en,2
word-dwugen-lass-nn,lass,en,2
word-dwugen-maxim-nn,maxim,en,2
word-dwugen-multitude-nn,multitude,en,2
word-dwugen-ounce-nn,ounce,en,2
word-dwugen-part-nn,part,en,2
word-dwugen-pick-vb,pick,en,2
word-dwugen-pin-vb,pin,en,2
word-dwugen-plane-nn,plane,en,2
word-dwugen-player-nn,player,en,2
word-dwugen-prop-nn,prop,en,2
word-dwugen-quilt-nn,quilt,en,2
word-dwugen-rag-nn,rag,en,2
word-dwugen-rally-nn,rally,en,2
word-dwugen-record-nn,record,en,2
word-dwugen-relationship-nn,relationship,en,2
word-dwugen-risk-nn,risk,en,2
word-dwugen-savage-nn,savage,en,2
word-dwugen-stab-nn,stab,en,2
word-dwugen-stroke-vb,stroke,en,2
word-dwugen-thump-nn,thump,en,2
word-dwugen-tip-vb,tip,en,2
word-dwugen-tree-nn,tree,en,2
word-dwugen-twist-nn,twist,en,2
word-dwugen-word-nn,word,en,2
word-edge,edge,en,2
word-egregious,egregious,en,2
word-elend,Elend,de,2
word-escalator,escalator,en,2
word-etappe,Etappe,de,2
word-face,face,en,2
word-fahrenheit,fahrenheit,en,2
word-fascism,fascism,en,2
word-filterblase,Filterblase,de,2
word-foehn-de,Föhn,de,2
word-frankenstein,Frankenstein,en,2
word-frankfurter,frankfurter,en,2
word-frau,Frau,de,2
word-freq-abgeordneter,Abgeordneter,de,2
word-freq-aktie,Aktie,de,2
word-freq-algorithmus,Algorithmus,de,2
word-freq-antibiotikum,Antibiotikum,de,2
word-freq-app,App,de,2
word-freq-artensterben,Artensterben,de,2
word-freq-atomkraft,Atomkraft,de,2
word-freq-aufarbeitung,Aufarbeitung,de,2
word-freq-aufklaerung,Aufklaerung,de,2
word-freq-auslaender,Auslaender,de,2
word-freq-austritt,Austritt,de,2
word-freq-auto,Auto,de,2
word-freq-automatisierung,Automatisierung,de,2
word-freq-bankenrettung,Bankenrettung,de,2
word-freq-basis,Basis,de,2
word-freq-basisdemokratie,Basisdemokratie,de,2
word-freq-bekenntnisfreiheit,Bekenntnisfreiheit,de,2
word-freq-beschaeftigung,Beschaeftigung,de,2
word-freq-beschleunigung,Beschleunigung,de,2
word-freq-bild,Bild,de,2
word-freq-blog,Blog,de,2
word-freq-broadcast,Broadcast,de,2
word-freq-browser,Browser,de,2
word-freq-buerger,Buerger,de,2
word-freq-bundeswehr,Bundeswehr,de,2
word-freq-burnout,Burnout,de,2
word-freq-chef,Chef,de,2
word-freq-cloud,Cloud,de,2
word-freq-co2,CO2,de,2
word-freq-communitiy,Communitiy,de,2
word-freq-community,Community,de,2
word-freq-compliance,Compliance,de,2
word-freq-cyber,Cyber,de,2
word-freq-daten,Daten,de,2
word-freq-datenschutz,Datenschutz,de,2
word-freq-derivat,Derivat,de,2
word-freq-desinformation,Desinformation,de,2
word-freq-digitalisierung,Digitalisierung,de,2
word-freq-diktatur,Diktatur,de,2
word-freq-diversity,Diversity,de,2
word-freq-download,Download,de,2
word-freq-drohne,Drohne,de,2
word-freq-einsatz,Einsatz,de,2
word-freq-energie,Energie,de,2
word-freq-energiewende,Energiewende,de,2
word-freq-epidemie,Epidemie,de,2
word-freq-erneuerbar,Erneuerbar,de,2
word-freq-extremismus,Extremismus,de,2
word-freq-fachkraft,Fachkraft,de,2
word-freq-filterbubble,Filterbubble,de,2
word-freq-flatrate,Flatrate,de,2
word-freq-flexibilisierung,Flexibilisierung,de,2
word-freq-fluechtling,Fluechtling,de,2
word-freq-friedensvertrag,Friedensvertrag,de,2
word-freq-gastarbeiter,Gastarbeiter,de,2
word-freq-gleichgeschlechtlich,Gleichgeschlechtlich,de,2
word-freq-globalisierung,Globalisierung,de,2
word-freq-hacker,Hacker,de,2
word-freq-handy,Handy,de,2
word-freq-hardware,Hardware,de,2
word-freq-hashtag,Hashtag,de,2
word-freq-hedge,Hedge,de,2
word-freq-identitaet,Identitaet,de,2
word-freq-immunsystem,Immunsystem,de,2
word-freq-impfung,Impfung,de,2
word-freq-infektionskrankheit,Infektionskrankheit,de,2
word-freq-influencer,Influencer,de,2
word-freq-inklusion,Inklusion,de,2
word-freq-integration,Integration,de,2
word-freq-internet,Internet,de,2
word-freq-kamera,Kamera,de,2
word-freq-kanal,Kanal,de,2
word-freq-kanzler,Kanzler,de,2
word-freq-klimagerechtigkeit,Klimagerechtigkeit,de,2
word-freq-klimawandel,Klimawandel,de,2
word-freq-koalition,Koalition,de,2
word-freq-kohlenstoff,Kohlenstoff,de,2
word-freq-kommunikation,Kommunikation,de,2
word-freq-kooperation,Kooperation,de,2
word-freq-kredit,Kredit,de,2
word-freq-kunstliche,Künstliche,de,2
word-freq-kurzarbeit,Kurzarbeit,de,2
word-freq-laptop,Laptop,de,2
word-freq-leben,Leben,de,2
word-freq-leistung,Leistung,de,2
word-freq-leitkultur,Leitkultur,de,2
word-freq-lifestyle,Lifestyle,de,2
word-freq-lobbying,Lobbying,de,2
word-freq-lockdown,Lockdown,de,2
word-freq-loesung,Loesung,de,2
word-freq-mansplaining,Mansplaining,de,2
word-freq-markt,Markt,de,2
word-freq-mauer,Mauer,de,2
word-freq-migration,Migration,de,2
word-freq-militaer,Militaer,de,2
word-freq-mindestlohn,Mindestlohn,de,2
word-freq-mitbestimmung,Mitbestimmung,de,2
word-freq-modell,Modell,de,2
word-freq-multikulti,Multikulti,de,2
word-freq-nachhaltigkeit,Nachhaltigkeit,de,2
word-freq-nachricht,Nachricht,de,2
word-freq-netz,Netz,de,2
word-freq-netzwerk,Netzwerk,de,2
word-freq-neutralitaet,Neutralitaet,de,2
word-freq-nullzins,Nullzins,de,2
word-freq-online,Online,de,2
word-freq-outing,Outing,de,2
word-freq-outsourcing,Outsourcing,de,2
word-freq-ozon,Ozon,de,2
word-freq-pandemie,Pandemie,de,2
word-freq-passwort,Passwort,de,2
word-freq-peacekeeping,Peacekeeping,de,2
word-freq-plattform,Plattform,de,2
word-freq-platz,Platz,de,2
word-freq-podcast,Podcast,de,2
word-freq-populismus,Populismus,de,2
word-freq-potenzial,Potenzial,de,2
word-freq-praevention,Praevention,de,2
word-freq-privatisierung,Privatisierung,de,2
word-freq-qualitaet,Qualitaet,de,2
word-freq-quarantaene,Quarantaene,de,2
word-freq-querdenker,Querdenker,de,2
word-freq-recycling,Recycling,de,2
word-freq-regulierung,Regulierung,de,2
word-freq-rendite,Rendite,de,2
word-freq-resilienz,Resilienz,de,2
word-freq-ressource,Ressource,de,2
word-freq-rezession,Rezession,de,2
word-freq-risiko,Risiko,de,2
word-freq-roboter,Roboter,de,2
word-freq-schluessel,Schluessel,de,2
word-freq-shitstorm,Shitstorm,de,2
word-freq-signal,Signal,de,2
word-freq-smartphone,Smartphone,de,2
word-freq-software,Software,de,2
word-freq-solidaritaet,Solidaritaet,de,2
word-freq-souveraenitaet,Souveraenitaet,de,2
word-freq-sozialbetrug,Sozialbetrug,de,2
word-freq-sparkurs,Sparkurs,de,2
word-freq-startup,Startup,de,2
word-freq-stimme,Stimme,de,2
word-freq-strafrecht,Strafrecht,de,2
word-freq-strategie,Strategie,de,2
word-freq-streaming,Streaming,de,2
word-freq-subvention,Subvention,de,2
word-freq-system,System,de,2
word-freq-talkshow,Talkshow,de,2
word-freq-tarifvertrag,Tarifvertrag,de,2
word-freq-team,Team,de,2
word-freq-therapie,Therapie,de,2
word-freq-transparenz,Transparenz,de,2
word-freq-trauma,Trauma,de,2
word-freq-treibhausgas,Treibhausgas,de,2
word-freq-trend,Trend,de,2
word-freq-trending,Trending,de,2
word-freq-twitter,Twitter,de,2
word-freq-typ,Typ,de,2
word-freq-ueberwachung,Ueberwachung,de,2
word-freq-umsatz,Umsatz,de,2
word-freq-umstrukturierung,Umstrukturierung,de,2
word-freq-umwelt,Umwelt,de,2
word-freq-upload,Upload,de,2
word-freq-veganismus,Veganismus,de,2
word-freq-vernetzung,Vernetzung,de,2
word-freq-virtual,Virtual,de,2
word-freq-virus,Virus,de,2
word-freq-wachstum,Wachstum,de,2
word-freq-waehrung,Waehrung,de,2
word-freq-webseite,Webseite,de,2
word-freq-wert,Wert,de,2
word-freq-wiedervereinigung,Wiedervereinigung,de,2
word-freq-windkraft,Windkraft,de,2
word-freq-wirkung,Wirkung,de,2
word-freq-wlan,WLAN,de,2
word-freq-woke,Woke,de,2
word-fromm,fromm,de,2
word-front,Front,de,2
word-fuchsia,fuchsia,en,2
word-funk,funk,en,2
word-galvanisieren,galvanisieren,de,2
word-galvanize,galvanize,en,2
word-gargantuan,gargantuan,en,2
word-gaslighting,gaslighting,en,2
word-gay,gay,en,3
word-geil,geil,de,2
word-gendersternchen,Gendersternchen,de,2
word-gerrymander,gerrymander,en,2
word-gfds-abwrackpramie,Abwrackprämie,de,2
word-gfds-aids-kondom,"Aids, Kondom",de,2
word-gfds-alternative-fakten,alternative Fakten,de,2
word-gfds-alternativlos,alternativlos,de,2
word-gfds-ampel-aus,Ampel-Aus,de,2
word-gfds-anti-abschiebe-industrie,Anti-Abschiebe-Industrie,de,2
word-gfds-aufmupfig,aufmüpfig,de,2
word-gfds-aura,Aura,de,2
word-gfds-auslanderfrei,ausländerfrei,de,2
word-gfds-babo,Babo,de,2
word-gfds-besserwessi,Besserwessi,de,2
word-gfds-betriebsratsverseucht,betriebsratsverseucht,de,2
word-gfds-biodeutsch,biodeutsch,de,2
word-gfds-blackfacing,Blackfacing,de,2
word-gfds-boostern,boostern,de,2
word-gfds-bundeskanzlerin,Bundeskanzlerin,de,2
word-gfds-corona-diktatur,Corona-Diktatur,de,2
word-gfds-corona-pandemie,Corona-Pandemie,de,2
word-gfds-cringe,cringe,de,2
word-gfds-crowdfunding,Crowdfunding,de,2
word-gfds-das-alte-europa,das alte Europa,de,2
word-gfds-der-11-september,der 11. September,de,2
word-gfds-diatenanpassung,Diätenanpassung,de,2
word-gfds-die-neuen-bundeslander,die neuen Bundesländer,de,2
word-gfds-doner-morde,Döner-Morde,de,2
word-gfds-ehrenmann-ehrenfrau,Ehrenmann/Ehrenfrau,de,2
word-gfds-ellenbogengesellschaft,Ellenbogengesellschaft,de,2
word-gfds-entlassungsproduktivitat,Entlassungsproduktivität,de,2
word-gfds-ethnische-sauberung,ethnische Säuberung,de,2
word-gfds-fake-news,Fake News,de,2
word-gfds-fanmeile,Fanmeile,de,2
word-gfds-finanzkrise,Finanzkrise,de,2
word-gfds-fluchtlinge,Flüchtlinge,de,2
word-gfds-fly-sein,fly sein,de,2
word-gfds-for-future,[...] for future,de,2
word-gfds-freiwillige-ausreise,freiwillige Ausreise,de,2
word-gfds-gammelfleischparty,Gammelfleischparty,de,2
word-gfds-gate,-gate,de,2
word-gfds-gendersternchen,Gendersternchen,de,2
word-gfds-gesundheitsreform,Gesundheitsreform,de,2
word-gfds-glykol,Glykol,de,2
word-gfds-goofy,goofy,de,2
word-gfds-gotteskrieger,Gotteskrieger,de,2
word-gfds-groko,GroKo,de,2
word-gfds-gutmensch,Gutmensch,de,2
word-gfds-hartz-iv,Hartz IV,de,2
word-gfds-hartzen,hartzen,de,2
word-gfds-hei-er-herbst,heißer Herbst,de,2
word-gfds-hei-zeit,Heißzeit,de,2
word-gfds-herdpramie,Herdprämie,de,2
word-gfds-holocaust,Holocaust,de,2
word-gfds-humankapital,Humankapital,de,2
word-gfds-i-bims,I bims,de,2
word-gfds-ich-ag,Ich-AG,de,2
word-gfds-influencer,Influencer,de,2
word-gfds-jamaika-aus,Jamaika-Aus,de,2
word-gfds-klimahysterie,Klimahysterie,de,2
word-gfds-klimakatastrophe,Klimakatastrophe,de,2
word-gfds-klimaterroristen,Klimaterroristen,de,2
word-gfds-kollateralschaden,Kollateralschaden,de,2
word-gfds-konspirative-wohnung,konspirative Wohnung,de,2
word-gfds-krisenmodus,Krisenmodus,de,2
word-gfds-lauft-bei-dir,Läuft bei dir,de,2
word-gfds-leaken,leaken,de,2
word-gfds-lichtgrenze,Lichtgrenze,de,2
word-gfds-lockdown,Lockdown,de,2
word-gfds-lost,lost,de,2
word-gfds-lugenpresse,Lügenpresse,de,2
word-gfds-millennium,Millennium,de,2
word-gfds-multimedia,Multimedia,de,2
word-gfds-national-befreite-zone,national befreite Zone,de,2
word-gfds-niveaulimbo,Niveaulimbo,de,2
word-gfds-notleidende-banken,notleidende Banken,de,2
word-gfds-nulllosung,Nulllösung,de,2
word-gfds-opfer-abo,Opfer-Abo,de,2
word-gfds-peanuts,Peanuts,de,2
word-gfds-politikverdrossenheit,Politikverdrossenheit,de,2
word-gfds-postfaktisch,postfaktisch,de,2
word-gfds-pushback,Pushback,de,2
word-gfds-rasterfahndung,Rasterfahndung,de,2
word-gfds-reformstau,Reformstau,de,2
word-gfds-refugees-welcome,Refugees Welcome,de,2
word-gfds-reisefreiheit,Reisefreiheit,de,2
word-gfds-remigration,Remigration,de,2
word-gfds-rentnerschwemme,Rentnerschwemme,de,2
word-gfds-respektrente,Respektrente,de,2
word-gfds-rettungsroutine,Rettungsroutine,de,2
word-gfds-rot-grun,Rot-Grün,de,2
word-gfds-ruckfuhrungspatenschaften,Rückführungspatenschaften,de,2
word-gfds-schwarzgeldaffare,Schwarzgeldaffäre,de,2
word-gfds-shitstorm,Shitstorm,de,2
word-gfds-smash,smash,de,2
word-gfds-smombie,Smombie,de,2
word-gfds-sozialabbau,Sozialabbau,de,2
word-gfds-sozialtourismus,Sozialtourismus,de,2
word-gfds-sozialvertragliches-fruhableben,sozialverträgliches Frühableben,de,2
word-gfds-sparpaket,Sparpaket,de,2
word-gfds-stresstest,Stresstest,de,2
word-gfds-superwahljahr,Superwahljahr,de,2
word-gfds-swag,Swag,de,2
word-gfds-szene,Szene,de,2
word-gfds-tatervolk,Tätervolk,de,2
word-gfds-teuro,Teuro,de,2
word-gfds-tschernobyl,Tschernobyl,de,2
word-gfds-uberfremdung,Überfremdung,de,2
word-gfds-umweltauto,Umweltauto,de,2
word-gfds-volksverrater,Volksverräter,de,2
word-gfds-wellenbrecher,Wellenbrecher,de,2
word-gfds-wohlstandsmull,Wohlstandsmüll,de,2
word-gfds-wutburger,Wutbürger,de,2
word-gfds-yolo,YOLO,de,2
word-gfds-zeitenwende,Zeitenwende,de,2
word-ghosting,ghosting,en,2
word-gift-de,Gift,de,2
word-granola,granola,en,2
word-green,green,en,2
word-gruen,gruen,de,2
word-guillotine,guillotine,en,2
word-gutmensch,Gutmensch,de,2
word-guy,guy,en,2
word-halcyon,halcyon,en,2
word-hamburger,hamburger,en,2
word-harpy,harpy,en,2
word-heimat,Heimat,de,2
word-herculean,herculean,en,2
word-hermetic,hermetic,en,2
word-hertz,hertz,en,2
word-hochzeit,Hochzeit,de,2
word-hooligan,hooligan,en,2
word-impfgegner,Impfgegner,de,2
word-influencer,influencer,en,2
word-jeans,jeans,en,2
word-jingoism,jingoism,en,2
word-joule,joule,en,2
word-jovial,jovial,en,2
word-kafkaesque,Kafkaesque,en,2
word-kaiser,Kaiser,de,2
word-kamikaze,kamikaze,en,2
word-kavalier,Kavalier,de,2
word-kelvin,kelvin,en,2
word-ketzer,Ketzer,de,2
word-klasse,Klasse,de,2
word-kleenex,kleenex,en,2
word-klimakleber,Klimakleber,de,2
word-krass,krass,de,2
word-labello-de,Labello,de,2
word-labyrinth,labyrinth,en,2
word-laconic,laconic,en,2
word-lazarett,Lazarett,de,2
word-leotard,leotard,en,2
word-lesbian,lesbian,en,2
word-like,like,en,2
word-liken,liken,de,1
word-linoleum,linoleum,en,2
word-literally,literally,en,2
word-luddite,Luddite,en,2
word-luegenpresse,Luegenpresse,de,2
word-lunatic,lunatic,en,2
word-mach-de,Mach,de,2
word-machiavellian,Machiavellian,en,2
word-magenta,magenta,en,2
word-malapropism,malapropism,en,2
word-marathon,marathon,en,2
word-masochism,masochism,en,2
word-maus,Maus,de,2
word-mausoleum,mausoleum,en,2
word-maverick,maverick,en,2
word-meat,meat,en,2
word-mentor,mentor,en,2
word-mercurial,mercurial,en,2
word-mesmerize,mesmerize,en,2
word-mirror,mirror,en,2
word-morse-code,Morse code,en,2
word-mouse,mouse,en,2
word-narcissism,narcissism,en,2
word-naughty,naughty,en,2
word-nemesis,nemesis,en,2
word-netz,Netz,de,2
word-nice,nice,en,3
word-nicotine,nicotine,en,2
word-notorious,notorious,en,2
word-nylon,nylon,en,2
word-odyssey,odyssey,en,2
word-ohm,ohm,en,2
word-ohm-de,Ohm,de,2
word-orwellian,Orwellian,en,2
word-owid-3-d-drucker,3-D-Drucker,de,1
word-owid-50-plus-generation,50-plus-Generation,de,1
word-owid-5g,5G,de,1
word-owid-a-promi,A-Promi,de,1
word-owid-ab-dafur,ab dafür,de,1
word-owid-abbruchjager,Abbruchjäger,de,1
word-owid-abenomics,Abenomics,de,1
word-owid-aber-so-was-von,aber so was von,de,1
word-owid-abgasskandal,Abgasskandal,de,1
word-owid-abgassoftware,Abgassoftware,de,1
word-owid-abgerockt,abgerockt,de,1
word-owid-abgezockt,abgezockt,de,1
word-owid-abhangen,abhängen,de,1
word-owid-abkacken,abkacken,de,1
word-owid-abklatschen,abklatschen,de,1
word-owid-ablegerserie,Ablegerserie,de,1
word-owid-abofalle,Abofalle,de,1
word-owid-abrissparty,Abrissparty,de,1
word-owid-abscannen,abscannen,de,1
word-owid-abschalteinrichtung,Abschalteinrichtung,de,1
word-owid-abschubling,Abschübling,de,1
word-owid-abspacen,abspacen,de,1
word-owid-abtropfen,abtropfen,de,1
word-owid-abwicklungsfonds,Abwicklungsfonds,de,1
word-owid-account,Account,de,1
word-owid-adblocker,Adblocker,de,1
word-owid-adden,adden,de,1
word-owid-adhs,ADHS,de,1
word-owid-adrenalinjunkie,Adrenalinjunkie,de,1
word-owid-ads,ADS,de,1
word-owid-afterhourparty,Afterhourparty,de,1
word-owid-afterparty,Afterparty,de,1
word-owid-aftershowparty,Aftershowparty,de,1
word-owid-afterworkparty,Afterworkparty,de,1
word-owid-aggro,aggro,de,1
word-owid-akademisierungswahn,Akademisierungswahn,de,1
word-owid-alarm,[...]alarm,de,1
word-owid-alarmismus,Alarmismus,de,1
word-owid-alarmist,Alarmist,de,1
word-owid-alarmistisch,alarmistisch,de,1
word-owid-alcopop,Alcopop,de,1
word-owid-aldi,Aldi-[...],de,1
word-owid-aldianer,Aldianer,de,1
word-owid-aldisierung,Aldisierung,de,1
word-owid-alg-i,ALG I,de,1
word-owid-alg-ii,ALG II,de,1
word-owid-all-inclusive,all-inclusive,de,1
word-owid-all-inclusive-reise,All-inclusive-Reise,de,1
word-owid-alleinstellungsmerkmal,Alleinstellungsmerkmal,de,1
word-owid-alles-inklusive-reise,Alles-inklusive-Reise,de,1
word-owid-alltagsbegleiter,Alltagsbegleiter,de,1
word-owid-allzeithoch,Allzeithoch,de,1
word-owid-allzeittief,Allzeittief,de,1
word-owid-alphatier,Alphatier,de,1
word-owid-alternativer-fakt,alternativer Fakt,de,1
word-owid-altkennzeichen,Altkennzeichen,de,1
word-owid-am-ende-des-tages,am Ende des Tages,de,1
word-owid-ambrosia,Ambrosia,de,1
word-owid-ampel,Ampel,de,1
word-owid-ampelkarte,Ampelkarte,de,1
word-owid-ampelmannchen,Ampelmännchen,de,1
word-owid-ampelparchen,Ampelpärchen,de,1
word-owid-analog,analog,de,1
word-owid-analogkase,Analogkäse,de,1
word-owid-anchor,Anchor,de,1
word-owid-anchorman,Anchorman,de,1
word-owid-anchorwoman,Anchorwoman,de,1
word-owid-anfixen,anfixen,de,1
word-owid-angefasst,angefasst,de,1
word-owid-angefressen,angefressen,de,1
word-owid-animalprint,Animalprint,de,1
word-owid-anker,Anker[...],de,1
word-owid-ankermieter,Ankermieter,de,1
word-owid-ankerwahrung,Ankerwährung,de,1
word-owid-ankerzentrum,Ankerzentrum,de,1
word-owid-anklicken,anklicken,de,1
word-owid-anklopfen,anklopfen,de,1
word-owid-ankunftsnachweis,Ankunftsnachweis,de,1
word-owid-ankunftszentrum,Ankunftszentrum,de,1
word-owid-anlandeplattform,Anlandeplattform,de,1
word-owid-anmailen,anmailen,de,1
word-owid-anonyme-geburt,anonyme Geburt,de,1
word-owid-antanzer,Antänzer,de,1
word-owid-anti-aging,Anti-Aging,de,1
word-owid-antimatschtomate,Antimatschtomate,de,1
word-owid-antipersonenmine,Antipersonenmine,de,1
word-owid-antiterrorkrieg,Antiterrorkrieg,de,1
word-owid-aperol-spritz,Aperol-Spritz,de,1
word-owid-app,App,de,1
word-owid-aquacycling,Aquacycling,de,1
word-owid-aquajogging,Aquajogging,de,1
word-owid-arabellion,Arabellion,de,1
word-owid-arabischer-fruhling,Arabischer Frühling,de,1
word-owid-arbeitslosengeld-i,Arbeitslosengeld I,de,1
word-owid-arbeitslosengeld-ii,Arbeitslosengeld II,de,1
word-owid-arbeitszeitkonto,Arbeitszeitkonto,de,1
word-owid-arbeitszeitkorridor,Arbeitszeitkorridor,de,1
word-owid-armutsfalle,Armutsfalle,de,1
word-owid-arschgeweih,Arschgeweih,de,1
word-owid-arztassistent,Arztassistent,de,1
word-owid-arztehopping,Ärztehopping,de,1
word-owid-assessmentcenter,Assessmentcenter,de,1
word-owid-assistent,[...]assistent,de,1
word-owid-assistenzhund,Assistenzhund,de,1
word-owid-asylgehalt,Asylgehalt,de,1
word-owid-asylherkunftsland,Asylherkunftsland,de,1
word-owid-at,at,de,1
word-owid-atmende-fabrik,atmende Fabrik,de,1
word-owid-atomarchiv,Atomarchiv,de,1
word-owid-atomkoffer,Atomkoffer,de,1
word-owid-attachment,Attachment,de,1
word-owid-audiobook,Audiobook,de,1
word-owid-audioguide,Audioguide,de,1
word-owid-auf-der-die-piste,auf der/die Piste,de,1
word-owid-auf-in-augenhohe,auf/in Augenhöhe,de,1
word-owid-auf-krawall-geburstet,auf Krawall gebürstet,de,1
word-owid-aufgestellt,aufgestellt,de,1
word-owid-aufpoppen,aufpoppen,de,1
word-owid-aufreger,Aufreger,de,1
word-owid-aufschieberitis,Aufschieberitis,de,1
word-owid-aufschlagen,aufschlagen,de,1
word-owid-aufspritzen,aufspritzen,de,1
word-owid-aufstocker,Aufstocker,de,1
word-owid-aus-der-nummer-nicht-rauskommen,aus der Nummer (nicht) rauskommen,de,1
word-owid-auschillen,auschillen,de,1
word-owid-auslandermaut,Ausländermaut,de,1
word-owid-ausreisegewahrsam,Ausreisegewahrsam,de,1
word-owid-ausschiffungsplattform,Ausschiffungsplattform,de,1
word-owid-aut-idem,Aut-idem,de,1
word-owid-aut-idem-regelung,Aut-idem-Regelung,de,1
word-owid-autobahngold,Autobahngold,de,1
word-owid-autofiktion,Autofiktion,de,1
word-owid-autonomes-fahren,autonomes Fahren,de,1
word-owid-autonomes-waffensystem,autonomes Waffensystem,de,1
word-owid-autoposer,Autoposer,de,1
word-owid-autoteilen,Autoteilen,de,1
word-owid-avatar,Avatar,de,1
word-owid-awarenessteam,Awarenessteam,de,1
word-owid-azubine,Azubine,de,1
word-owid-b-promi,B-Promi,de,1
word-owid-babyfenster,Babyfenster,de,1
word-owid-babyklappe,Babyklappe,de,1
word-owid-babykorb,Babykorb,de,1
word-owid-bachelor,Bachelor,de,1
word-owid-backstation,Backstation,de,1
word-owid-backstop,Backstop,de,1
word-owid-bad-bank,Bad Bank,de,1
word-owid-bag-in-box,Bag-in-Box,de,1
word-owid-bagel,Bagel,de,1
word-owid-baggy,Baggy,de,1
word-owid-baggy-pants,Baggy Pants,de,1
word-owid-baggyhose,Baggyhose,de,1
word-owid-balayage,Balayage,de,1
word-owid-bankenabgabe,Bankenabgabe,de,1
word-owid-bankenabwicklungsfonds,Bankenabwicklungsfonds,de,1
word-owid-banking,Banking,de,1
word-owid-bannerwerbung,Bannerwerbung,de,1
word-owid-barcode,Barcode,de,1
word-owid-barfu-park,Barfußpark,de,1
word-owid-barfu-pfad,Barfußpfad,de,1
word-owid-barfu-schuh,Barfußschuh,de,1
word-owid-barista,Barista,de,1
word-owid-baseballcap,Baseballcap,de,1
word-owid-basecap,Basecap,de,1
word-owid-basejumping,Basejumping,de,1
word-owid-basic,Basic,de,1
word-owid-basics,Basics,de,1
word-owid-basiselterngeld,Basiselterngeld,de,1
word-owid-basiskonto,Basiskonto,de,1
word-owid-basisrente,Basisrente,de,1
word-owid-basistelefon,Basistelefon,de,1
word-owid-bastapolitik,Bastapolitik,de,1
word-owid-batteln,batteln,de,1
word-owid-batteriefeuerwerk,Batteriefeuerwerk,de,1
word-owid-battle,Battle,de,1
word-owid-bauchgefuhl,Bauchgefühl,de,1
word-owid-baumbestattung,Baumbestattung,de,1
word-owid-baumwipfelpfad,Baumwipfelpfad,de,1
word-owid-beachvolleyball,Beachvolleyball,de,1
word-owid-beamer,Beamer,de,1
word-owid-beanie,Beanie,de,1
word-owid-bei-jemandem-sein,bei jemandem sein,de,1
word-owid-beitragsservice,Beitragsservice,de,1
word-owid-bengalo,Bengalo,de,1
word-owid-bespa-en,bespaßen,de,1
word-owid-besserwessi,Besserwessi,de,1
word-owid-best-ager,Best Ager,de,1
word-owid-bestellbutton,Bestellbutton,de,1
word-owid-bestellerprinzip,Bestellerprinzip,de,1
word-owid-bestpreisklausel,Bestpreisklausel,de,1
word-owid-betongold,Betongold,de,1
word-owid-betrugssoftware,Betrugssoftware,de,1
word-owid-bettensteuer,Bettensteuer,de,1
word-owid-beutekunst,Beutekunst,de,1
word-owid-bewegungspark,Bewegungspark,de,1
word-owid-bezahl-tv,Bezahl-TV,de,1
word-owid-bezahlfernsehen,Bezahlfernsehen,de,1
word-owid-bezahlschranke,Bezahlschranke,de,1
word-owid-bezahlstudium,Bezahlstudium,de,1
word-owid-bezness,Bezness,de,1
word-owid-bfd,BFD,de,1
word-owid-bic,BIC,de,1
word-owid-bierbike,Bierbike,de,1
word-owid-bikejoring,Bikejöring,de,1
word-owid-bikinizone,Bikinizone,de,1
word-owid-bildschirmschoner,Bildschirmschoner,de,1
word-owid-bildungs-und-teilhabepaket,Bildungs- und Teilhabepaket,de,1
word-owid-bildungsauslander,Bildungsausländer,de,1
word-owid-bildungsgutschein,Bildungsgutschein,de,1
word-owid-bildungsinlander,Bildungsinländer,de,1
word-owid-bildungskanal,Bildungskanal,de,1
word-owid-bildungslotse,Bildungslotse,de,1
word-owid-bildungsnah,bildungsnah,de,1
word-owid-bildungsteilzeit,Bildungsteilzeit,de,1
word-owid-billigjob,Billigjob,de,1
word-owid-bingewatching,Bingewatching,de,1
word-owid-bingo,bingo,de,1
word-owid-biodeutscher,Biodeutscher,de,1
word-owid-biodrucker,Biodrucker,de,1
word-owid-biometrischer-pass,biometrischer Pass,de,1
word-owid-bioprinter,Bioprinter,de,1
word-owid-biosauna,Biosauna,de,1
word-owid-biovegan,biovegan,de,1
word-owid-birthlerbehorde,Birthlerbehörde,de,1
word-owid-bis-der-arzt-kommt,bis der Arzt kommt,de,1
word-owid-bis-der-doktor-kommt,bis der Doktor kommt,de,1
word-owid-bis-es-quietscht,bis es quietscht,de,1
word-owid-black-friday,Black Friday,de,1
word-owid-blade,Blade,de,1
word-owid-bladen,bladen,de,1
word-owid-blankziehen,blankziehen,de,1
word-owid-bleaching,Bleaching,de,1
word-owid-bleibechance,Bleibechance,de,1
word-owid-blicken,blicken,de,1
word-owid-blingbling,Blingbling,de,1
word-owid-blinkschuh,Blinkschuh,de,1
word-owid-blitzeis,Blitzeis,de,1
word-owid-blitzmarathon,Blitzmarathon,de,1
word-owid-blockbuster,Blockbuster,de,1
word-owid-blockupy,Blockupy,de,1
word-owid-blog,Blog,de,1
word-owid-bloggen,bloggen,de,1
word-owid-blogger,Blogger,de,1
word-owid-blu-ray-disc,Blu-Ray-Disc,de,1
word-owid-bluetooth,Bluetooth,de,1
word-owid-bluhwiese,Blühwiese,de,1
word-owid-blutdiamant,Blutdiamant,de,1
word-owid-blutige-entlassung,blutige Entlassung,de,1
word-owid-bodenampel,Bodenampel,de,1
word-owid-body-mass-index,Body-Mass-Index,de,1
word-owid-bodybag,Bodybag,de,1
word-owid-bodycam,Bodycam,de,1
word-owid-bodyshaming,Bodyshaming,de,1
word-owid-bodywear,Bodywear,de,1
word-owid-bologna,Bologna,de,1
word-owid-bolognaprozess,Bolognaprozess,de,1
word-owid-bolognareform,Bolognareform,de,1
word-owid-bombe,bombe,de,1
word-owid-bompel,Bompel,de,1
word-owid-bonitatsanleihe,Bonitätsanleihe,de,1
word-owid-bonpflicht,Bonpflicht,de,1
word-owid-bonusmeile,Bonusmeile,de,1
word-owid-booklet,Booklet,de,1
word-owid-bore-out,Bore-out,de,1
word-owid-borsengang,Börsengang,de,1
word-owid-bot,Bot,de,1
word-owid-bouldern,bouldern,de,1
word-owid-boulevardisierung,Boulevardisierung,de,1
word-owid-boxenluder,Boxenluder,de,1
word-owid-boxerbraids,Boxerbraids,de,1
word-owid-boxspringbett,Boxspringbett,de,1
word-owid-boyfriendjeans,Boyfriendjeans,de,1
word-owid-boygroup,Boygroup,de,1
word-owid-boys-day,Boys' Day,de,1
word-owid-bracket,Bracket,de,1
word-owid-braincap,Braincap,de,1
word-owid-bremsassistent,Bremsassistent,de,1
word-owid-brenner,Brenner,de,1
word-owid-brexit,Brexit,de,1
word-owid-brexiteer,Brexiteer,de,1
word-owid-bric-land,BRIC-Land,de,1
word-owid-bric-staat,BRIC-Staat,de,1
word-owid-brotchentaste,Brötchentaste,de,1
word-owid-brotsommelier,Brotsommelier,de,1
word-owid-brownie,Brownie,de,1
word-owid-browser,Browser,de,1
word-owid-bruckentechnologie,Brückentechnologie,de,1
word-owid-bruckenteilzeit,Brückenteilzeit,de,1
word-owid-bruderhahn,Bruderhahn,de,1
word-owid-brutal,brutal,de,1
word-owid-bubble-tea,Bubble-Tea,de,1
word-owid-buch,Buch,de,1
word-owid-bucketlist,Bucketlist,de,1
word-owid-budget,Budget[...],de,1
word-owid-budgethotel,Budgethotel,de,1
word-owid-bundesausreisezentrum,Bundesausreisezentrum,de,1
word-owid-bundesbedarfsplangesetz,Bundesbedarfsplangesetz,de,1
word-owid-bundesfachplanung,Bundesfachplanung,de,1
word-owid-bundesfreiwilliger,Bundesfreiwilliger,de,1
word-owid-bundesteilhabegesetz,Bundesteilhabegesetz,de,1
word-owid-bundestrojaner,Bundestrojaner,de,1
word-owid-bungee,Bungee,de,1
word-owid-bungeejumping,Bungeejumping,de,1
word-owid-bungeespringen,Bungeespringen,de,1
word-owid-burgerenergie,Bürgerenergie,de,1
word-owid-burgerenergiegenossenschaft,Bürgerenergiegenossenschaft,de,1
word-owid-burgerenergiewende,Bürgerenergiewende,de,1
word-owid-burgergeld,Bürgergeld,de,1
word-owid-burgersolaranlage,Bürgersolaranlage,de,1
word-owid-burgerwindpark,Bürgerwindpark,de,1
word-owid-burkini,Burkini,de,1
word-owid-burn-out,Burn-out,de,1
word-owid-burner,Burner,de,1
word-owid-button,Button,de,1
word-owid-buttonlosung,Buttonlösung,de,1
word-owid-buzzer,Buzzer,de,1
word-owid-buzzern,buzzern,de,1
word-owid-cache,Cache,de,1
word-owid-caffe-latte,Caffè Latte,de,1
word-owid-cakepop,Cakepop,de,1
word-owid-call-by-call,Call-by-Call,de,1
word-owid-call-in-sendung,Call-in-Sendung,de,1
word-owid-callanetics,Callanetics,de,1
word-owid-callcenter,Callcenter,de,1
word-owid-calligraphycut,Calligraphycut,de,1
word-owid-callingcard,Callingcard,de,1
word-owid-campusmaut,Campusmaut,de,1
word-owid-candystorm,Candystorm,de,1
word-owid-canicross,Canicross,de,1
word-owid-cannabisagentur,Cannabisagentur,de,1
word-owid-canyoning,Canyoning,de,1
word-owid-carbikini,Carbikini,de,1
word-owid-carearbeit,Carearbeit,de,1
word-owid-cargohose,Cargohose,de,1
word-owid-carjacking,Carjacking,de,1
word-owid-carloft,Carloft,de,1
word-owid-carnapping,Carnapping,de,1
word-owid-carsharing,Carsharing,de,1
word-owid-carven,carven,de,1
word-owid-carving,Carving,de,1
word-owid-carvingski,Carvingski,de,1
word-owid-casemanager,Casemanager,de,1
word-owid-cashcow,Cashcow,de,1
word-owid-casten,casten,de,1
word-owid-casting,Casting,de,1
word-owid-castingshow,Castingshow,de,1
word-owid-casualwear,Casualwear,de,1
word-owid-catwalk,Catwalk,de,1
word-owid-ccs,CCS,de,1
word-owid-ccs-technologie,CCS-Technologie,de,1
word-owid-cd-brenner,CD-Brenner,de,1
word-owid-centerbahn,Centerbahn,de,1
word-owid-chai-latte,Chai Latte,de,1
word-owid-champagnerdusche,Champagnerdusche,de,1
word-owid-chat,Chat,de,1
word-owid-chatbox,Chatbox,de,1
word-owid-chatforum,Chatforum,de,1
word-owid-chatgroup,Chatgroup,de,1
word-owid-chatline,Chatline,de,1
word-owid-chatraum,Chatraum,de,1
word-owid-chatroom,Chatroom,de,1
word-owid-chatten,chatten,de,1
word-owid-chatter,Chatter,de,1
word-owid-cheatday,Cheatday,de,1
word-owid-chefmasche,Chefmasche,de,1
word-owid-chia,Chia,de,1
word-owid-chiasamen,Chiasamen,de,1
word-owid-chill-out,Chill-out,de,1
word-owid-chill-out-raum,Chill-out-Raum,de,1
word-owid-chill-out-room,Chill-out-Room,de,1
word-owid-chillen,chillen,de,1
word-owid-chillig,chillig,de,1
word-owid-chino,Chino,de,1
word-owid-chinohose,Chinohose,de,1
word-owid-chippen,chippen,de,1
word-owid-chlorhuhn,Chlorhuhn,de,1
word-owid-chlorhuhnchen,Chlorhühnchen,de,1
word-owid-chuck,Chuck,de,1
word-owid-churro,Churro,de,1
word-owid-ciabatta,Ciabatta,de,1
word-owid-clean-eating,Clean Eating,de,1
word-owid-clearnet,Clearnet,de,1
word-owid-clickbait,Clickbait,de,1
word-owid-clickbaiting,Clickbaiting,de,1
word-owid-clickworker,Clickworker,de,1
word-owid-clog,Clog,de,1
word-owid-cloud,Cloud,de,1
word-owid-cloudcomputing,Cloudcomputing,de,1
word-owid-clubwear,Clubwear,de,1
word-owid-clutch,Clutch,de,1
word-owid-co2-fu-abdruck,CO₂-Fußabdruck,de,1
word-owid-coachingshow,Coachingshow,de,1
word-owid-coachingzone,Coachingzone,de,1
word-owid-cobot,Cobot,de,1
word-owid-cocooning,Cocooning,de,1
word-owid-cold-brew,Cold Brew,de,1
word-owid-comedian,Comedian,de,1
word-owid-computeruhr,Computeruhr,de,1
word-owid-computerwurm,Computerwurm,de,1
word-owid-containern,containern,de,1
word-owid-corona,Corona,de,1
word-owid-couchkartoffel,Couchkartoffel,de,1
word-owid-couchpotato,Couchpotato,de,1
word-owid-couchsurfen,couchsurfen,de,1
word-owid-couchsurfer,Couchsurfer,de,1
word-owid-coworking,Coworking,de,1
word-owid-coworkingspace,Coworkingspace,de,1
word-owid-craftbier,Craftbier,de,1
word-owid-crashkid,Crashkid,de,1
word-owid-croc,Croc,de,1
word-owid-cronut,Cronut,de,1
word-owid-cross-fit,Cross-fit,de,1
word-owid-crosstrainer,Crosstrainer,de,1
word-owid-crowdfunding,Crowdfunding,de,1
word-owid-crowdsourcing,Crowdsourcing,de,1
word-owid-crowdworker,Crowdworker,de,1
word-owid-crowdworking,Crowdworking,de,1
word-owid-cupcake,Cupcake,de,1
word-owid-curvy-model,Curvy Model,de,1
word-owid-cyber-cyber,Cyber/cyber[...],de,1
word-owid-cyber-monday,Cyber Monday,de,1
word-owid-cyberabwehr,Cyberabwehr,de,1
word-owid-cyberbullying,Cyberbullying,de,1
word-owid-cybercafe,Cybercafé,de,1
word-owid-cybercrime,Cybercrime,de,1
word-owid-cybergrooming,Cybergrooming,de,1
word-owid-cybermobbing,Cybermobbing,de,1
word-owid-cybernaut,Cybernaut,de,1
word-owid-cybersex,Cybersex,de,1
word-owid-dab,Dab,de,1
word-owid-daily,Daily,de,1
word-owid-daily-soap,Daily Soap,de,1
word-owid-daily-talk,Daily Talk,de,1
word-owid-dampfen,dampfen,de,1
word-owid-darknet,Darknet,de,1
word-owid-dashcam,Dashcam,de,1
word-owid-date,Date,de,1
word-owid-dateiformat,Dateiformat,de,1
word-owid-daten,daten,de,1
word-owid-datenautobahn,Datenautobahn,de,1
word-owid-datenhandschuh,Datenhandschuh,de,1
word-owid-datenhighway,Datenhighway,de,1
word-owid-datenroaming,Datenroaming,de,1
word-owid-datenschutzgrundverordnung,Datenschutzgrundverordnung,de,1
word-owid-dating,Dating,de,1
word-owid-datingshow,Datingshow,de,1
word-owid-dauerdienstreise,Dauerdienstreise,de,1
word-owid-day-spa,Day-Spa,de,1
word-owid-de-mail,De-Mail,de,1
word-owid-deckenfluter,Deckenfluter,de,1
word-owid-demenzgarten,Demenzgarten,de,1
word-owid-demografiestrategie,Demografiestrategie,de,1
word-owid-den-ball-flach-halten,den Ball flach halten,de,1
word-owid-den-x-name-einer-person-machen,den X [Name einer Person] machen,de,1
word-owid-denglisch,Denglisch,de,1
word-owid-der-drops-ist-gelutscht,der Drops ist gelutscht,de,1
word-owid-desasterplan,Desasterplan,de,1
word-owid-designerbaby,Designerbaby,de,1
word-owid-destroyed-jeans,Destroyed Jeans,de,1
word-owid-deutschlandkoalition,Deutschlandkoalition,de,1
word-owid-deutschlandstipendium,Deutschlandstipendium,de,1
word-owid-dezemberfieber,Dezemberfieber,de,1
word-owid-diakoniekirche,Diakoniekirche,de,1
word-owid-dialer,Dialer,de,1
word-owid-diamantbestattung,Diamantbestattung,de,1
word-owid-die-arschkarte-ziehen,die Arschkarte ziehen,de,1
word-owid-die-welle-machen,die Welle machen,de,1
word-owid-dieselaffare,Dieselaffäre,de,1
word-owid-dieselgate,Dieselgate,de,1
word-owid-dieselkrise,Dieselkrise,de,1
word-owid-dieselskandal,Dieselskandal,de,1
word-owid-digicam,Digicam,de,1
word-owid-digital-detox,Digital Detox,de,1
word-owid-digital-entgiften,digital entgiften,de,1
word-owid-digital-native,Digital Native,de,1
word-owid-digital-wellbeing,Digital Wellbeing,de,1
word-owid-digitalabonnent,Digitalabonnent,de,1
word-owid-digitalchef,Digitalchef,de,1
word-owid-digitale-demenz,digitale Demenz,de,1
word-owid-digitale-signatur,digitale Signatur,de,1
word-owid-digitales-wohlbefinden,digitales Wohlbefinden,de,1
word-owid-digitalfernsehen,Digitalfernsehen,de,1
word-owid-digitalfonds,Digitalfonds,de,1
word-owid-faktor,[...]faktor,de,1
word-owid-fasten,[...]fasten,de,1
word-owid-flusterer,[...]flüsterer,de,1
word-owid-gefallt-mir-button,"""Gefällt mir""-Button",de,1
word-owid-holic,[...]holic,de,1
word-owid-holiker,[...]holiker,de,1
word-owid-jemandem-latte-sein,(jemandem) latte sein,de,1
word-owid-junkie,[...]junkie,de,1
word-owid-lyrik,[...]lyrik,de,1
word-owid-nicht-jemandes-baustelle-sein,(nicht) jemandes Baustelle sein,de,1
word-owid-tainment,[...]tainment,de,1
word-owid-tuv,[...]-TÜV,de,1
word-paisley,paisley,en,2
word-panic,panic,en,2
word-pascal-unit,pascal,en,2
word-pasteurize,pasteurize,en,2
word-pfaffe,Pfaffe,de,2
word-philippic,philippic,en,2
word-philister,Philister,de,2
word-pretty,pretty,en,2
word-procrustean,procrustean,en,2
word-proletariat,Proletariat,de,2
word-propaganda,Propaganda,de,2
word-protean,protean,en,2
word-quarantaene,Quarantaene,de,2
word-queer,queer,en,3
word-querdenker,Querdenker,de,2
word-quisling,quisling,en,2
word-quixotic,quixotic,en,2
word-robot,robot,en,2
word-roentgen,Roentgen,de,2
word-rugby,rugby,en,2
word-sabotage,sabotage,en,2
word-sadism,sadism,en,2
word-salvage,salvage,en,2
word-sandwich,sandwich,en,2
word-sardonic,sardonic,en,2
word-saturnine,saturnine,en,2
word-saxophone,saxophone,en,2
word-schuetzengraben,Schuetzengraben,de,2
word-schwul,schwul,de,2
word-schwurbler,Schwurbler,de,2
word-semeval-attack,attack,en,2
word-semeval-attack-nn,attack,en,2
word-semeval-bag,bag,en,2
word-semeval-bag-nn,bag,en,2
word-semeval-ball,ball,en,2
word-semeval-ball-nn,ball,en,2
word-semeval-bit,bit,en,2
word-semeval-bit-nn,bit,en,2
word-semeval-chairman,chairman,en,2
word-semeval-chairman-nn,chairman,en,2
word-semeval-circle,circle,en,2
word-semeval-circle-vb,circle,en,2
word-semeval-contemplation,contemplation,en,2
word-semeval-contemplation-nn,contemplation,en,2
word-semeval-donkey,donkey,en,2
word-semeval-donkey-nn,donkey,en,2
word-semeval-edge,edge,en,2
word-semeval-edge-nn,edge,en,2
word-semeval-face,face,en,2
word-semeval-face-nn,face,en,2
word-semeval-fiction-nn,fiction,en,2
word-semeval-gas-nn,gas,en,2
word-semeval-graft-nn,graft,en,2
word-semeval-head-nn,head,en,2
word-semeval-land-nn,land,en,2
word-semeval-lane-nn,lane,en,2
word-semeval-lass-nn,lass,en,2
word-semeval-multitude-nn,multitude,en,2
word-semeval-ounce-nn,ounce,en,2
word-semeval-part-nn,part,en,2
word-semeval-pin-vb,pin,en,2
word-semeval-plane-nn,plane,en,2
word-semeval-player-nn,player,en,2
word-semeval-prop-nn,prop,en,2
word-semeval-quilt-nn,quilt,en,2
word-semeval-rag-nn,rag,en,2
word-semeval-record-nn,record,en,2
word-semeval-relationship-nn,relationship,en,2
word-semeval-risk-nn,risk,en,2
word-semeval-savage-nn,savage,en,2
word-semeval-stab-nn,stab,en,2
word-semeval-stroke-vb,stroke,en,2
word-semeval-thump-nn,thump,en,2
word-semeval-tip-vb,tip,en,2
word-semeval-tree-nn,tree,en,2
word-semeval-twist-nn,twist,en,2
word-semeval-word-nn,word,en,2
word-sherry,sherry,en,2
word-shrapnel,shrapnel,en,2
word-sick,sick,en,2
word-silhouette,silhouette,en,2
word-silly,silly,en,3
word-siren,siren,en,2
word-slop,slop,en,2
word-sophisticated,sophisticated,en,2
word-spa,spa,en,2
word-spam,spam,en,2
word-spartan,spartan,en,2
word-spiegeln,spiegeln,de,2
word-spiesser,Spiesser,de,2
word-stan,stan,en,2
word-stentorian,stentorian,en,2
word-stream,stream,en,2
word-streamen,streamen,de,2
word-streik,Streik,de,2
word-suede,suede,en,2
word-surel-abschrecken,abschrecken,de,2
word-surel-blech,Blech,de,2
word-surel-eiwei,Eiweiß,de,2
word-surel-form,Form,de,2
word-surel-gemuse,Gemüse,de,2
word-surel-gericht,Gericht,de,2
word-surel-glas,Glas,de,2
word-surel-hamburger,Hamburger,de,2
word-surel-mandel,Mandel,de,2
word-surel-messer,Messer,de,2
word-surel-messerspitze,Messerspitze,de,2
word-surel-paprika,Paprika,de,2
word-surel-prise,Prise,de,2
word-surel-rum,Rum,de,2
word-surel-salz,Salz,de,2
word-surel-schlagen,schlagen,de,2
word-surel-schnee,Schnee,de,2
word-surel-schnittlauch,Schnittlauch,de,2
word-surel-schokolade,Schokolade,de,2
word-surel-schu,Schuß,de,2
word-surel-strudel,Strudel,de,2
word-surel-trennen,trennen,de,2
word-surf,surf,en,2
word-surfen,surfen,de,2
word-sus,sus,en,2
word-tank,tank,en,2
word-tantalize,tantalize,en,2
word-tempo-de,Tempo,de,2
word-terrific,terrific,en,2
word-tesla,tesla,en,2
word-thermos,thermos,en,2
word-toll,toll,de,2
word-troll,troll,en,2
word-troll-de,Troll,de,2
word-trommelfeuer,Trommelfeuer,de,2
word-turkey,turkey,en,2
word-tuxedo,tuxedo,en,2
word-tweet,tweet,en,2
word-uhu-de,Uhu,de,2
word-unfriend,unfriend,en,2
word-vandalismus,Vandalismus,de,2
word-viral,viral,en,2
word-virus,virus,en,2
word-virus-de,Virus,de,2
word-volt,volt,en,2
word-wahnsinn,Wahnsinn,de,2
word-watt,watt,en,2
word-web,web,en,2
word-weib,Weib,de,2
word-wende,Wende,de,2
word-woke,woke,en,3
word-wolke,Wolke,de,2
word-wutbuerger,Wutbuerger,de,2
word-xerox,xerox,en,2
word-yahoo,yahoo,en,2
word-zeppelin,Zeppelin,de,2
word-zipper,zipper,en,2
